Year,Gold_Value_In_Yen
2013,8657.244534892092
2014,7788.123522698397
2015,7272.31082972419
2016,8298.684525330902
2017,8516.17756430248
2018,8399.43315028541
2019,9651.487813404723
2020,12267.042123868721
2021,11608.424387617615
2022,12119.964804053496
